claim_id,subject,claim,source_id,evidence,confidence,used_in_scoring,public,notes
C001,"Преп-Центр","Есть отдельная услуга фулфилмента бытовой химии",S001,"Профильная страница","HIGH",TRUE,TRUE,""
C002,"Преп-Центр","Опубликован проект 10 000 единиц за 3 дня",S001,"10000 ед.; 3 дня","HIGH",TRUE,TRUE,""
C003,"Преп-Центр","Проект включал ВПП, термоусадку и маркировку",S001,"Перечень операций","HIGH",TRUE,TRUE,""
C004,"Преп-Центр","Стоимость конкретного проекта составила 180 000 руб. или 18 руб./ед.",S002,"180000 руб.; 18 руб./ед.","HIGH",TRUE,TRUE,"Не универсальный тариф"
C005,"Преп-Центр","Подтверждены автоматические линии ВПП и термоусадки",S003,"Упаковочное оборудование","HIGH",TRUE,TRUE,""
C006,"Преп-Центр","Подтверждены WMS и складской учет",S004,"WMS МПФИТ","HIGH",TRUE,TRUE,""
C007,"Helpberries","Опубликован прямой кейс производителя бытовой химии",S006,"Профиль клиента указан прямо","HIGH",TRUE,TRUE,""
C008,"Helpberries","В кейсе настроены FBS и централизованные FBO-отгрузки",S006,"FBS + FBO","HIGH",TRUE,TRUE,""
C009,"Helpberries","Крупная партия обрабатывается не более чем за 24 часа",S006,"<=24 часа","HIGH",TRUE,TRUE,""
C010,"Helpberries","В кейсе заявлены рост заказов +150%, снижение логистических затрат 28% и ошибки 0,3%",S006,"+150%; -28%; 0,3%","HIGH",TRUE,TRUE,""
C011,"Helpberries","Подтверждены WMS/ERP-интеграция и учет остатков",S006,"Интеграция учета","HIGH",TRUE,TRUE,""
C012,"Родной Дом","Есть отдельная страница бытовой и автохимии",S009,"Профильная категория","HIGH",TRUE,TRUE,""
C013,"Родной Дом","Описаны контроль укупорки и целостности тары, протечки и защитная упаковка",S009,"Профильный контроль","HIGH",TRUE,TRUE,""
C014,"Родной Дом","Подтверждены ВПП, термоусадка, герметичные пакеты, FBO и FBS",S009,"Полный профильный процесс","HIGH",TRUE,TRUE,""
C015,"Родной Дом","Компания прямо не принимает аэрозоли и баллоны под давлением",S009,"Прямое ограничение","HIGH",TRUE,TRUE,""
C016,"Нитропак","Есть отдельная услуга для бытовых товаров и жидкостей",S011,"Профильная страница","HIGH",TRUE,TRUE,""
C017,"Нитропак","Подтверждены защита от протечек, термоусадка и дополнительная обмотка",S011,"Профильная упаковка","HIGH",TRUE,TRUE,""
C018,"Нитропак","Подтверждены WMS, маркировка и FBO для WB/Ozon",S011,"WMS + FBO","HIGH",TRUE,TRUE,""
C019,"Нитропак","Опубликованы тарифы на обработку, логистику и хранение",S012,"Открытый прайс","HIGH",TRUE,TRUE,""
C020,"ПроФасовка","Есть отдельная услуга фулфилмента бытовой химии",S014,"Прямая категория","HIGH",TRUE,TRUE,""
C021,"ПроФасовка","Описаны риски протечек, порошков и канистр 3–5 литров",S014,"Категорийные риски","HIGH",TRUE,TRUE,""
C022,"ПроФасовка","Подтверждены фасовка и подготовка к маркетплейсам",S014,"Производство + фулфилмент","HIGH",TRUE,TRUE,""
C023,"UpMarket","Подтверждены ВПП, пленка, термоусадка, маркировка и доставка на маркетплейсы",S016,"Набор операций","HIGH",TRUE,TRUE,""
C024,"UpMarket","Компания заявляет обслуживание более 1 млн единиц в месяц",S017,"1M+ ед./мес.","HIGH",TRUE,TRUE,""
C025,"Контракт Фактори","Компания занимается производством бытовой химии и фулфилментом",S018,"Химическая специализация","HIGH",TRUE,TRUE,""
C026,"Контракт Фактори","Подтверждены приемка, проверка, ВПП, термоусадка и маркировка",S018,"Набор операций","HIGH",TRUE,TRUE,""
C027,"Контракт Фактори","Подтверждены хранение и работа с химической продукцией",S020,"Хранение химии","HIGH",TRUE,TRUE,""
C028,"logixPRO","Есть отдельное ответственное хранение бытовой химии",S021,"Профильная страница","HIGH",TRUE,TRUE,""
C029,"logixPRO","Описаны разделение по классам опасности, температура, герметичность и защита от протечек",S021,"Условия хранения","HIGH",TRUE,TRUE,""
C030,"logixPRO","Склад работает под WMS Manhattan SCALE и заявляет точность 99,98%",S021,"WMS + 99,98%","HIGH",TRUE,TRUE,""
C031,"FullBox","Подтверждены WMS, Честный знак и FBO/FBS",S023,"Полный универсальный цикл","HIGH",TRUE,TRUE,""
C032,"FullBox","Упаковочная зона включает термоусадку и вакуум до 7000 ед./день",S024,"7000 ед./день","HIGH",TRUE,TRUE,""
C033,"E-Fulfillment","Подтверждены FBO/FBS, Честный знак и проверка на брак",S025,"Полный цикл","HIGH",TRUE,TRUE,""
C034,"E-Fulfillment","Склад 4600 м2 и 7200 паллетных мест",S025,"4600 м2; 7200 паллет","HIGH",TRUE,TRUE,""
C035,"E-Fulfillment","Использует собственную систему учета RAXS",S026,"WMS/учет","HIGH",TRUE,TRUE,""
C036,"WBBK","Подтверждены WMS, Честный знак и FBO/FBS/DBS",S027,"Полный универсальный процесс","HIGH",TRUE,TRUE,""
C037,"Repacking24","Прайс содержит ВПП, термоусадку и Честный знак",S029,"Открытый прайс","HIGH",TRUE,TRUE,""
C038,"Easyful","Подтверждены FBO/FBS и онлайн-учет остатков",S030,"Универсальный процесс","HIGH",TRUE,TRUE,""
C039,"Handee","Процесс включает эталонную единицу, контроль качества и маркировки",S032,"Контрольный процесс","HIGH",TRUE,TRUE,""
C040,"9Gramm","Прайс содержит ВПП, термоусадку и визуальную проверку брака",S033,"Открытый прайс","HIGH",TRUE,TRUE,""
C041,"Методика","Wildberries выделяет бытовую химию в отдельный раздел требований к упаковке",S035,"Официальная инструкция","HIGH",FALSE,TRUE,""
C042,"Методика","Для жидкой бытовой химии Wildberries допускает комбинации ВПП, пакета, коробки и термоусадки",S035,"Официальные варианты упаковки","HIGH",FALSE,TRUE,""
C043,"Методика","С 1 июля 2026 года для маркируемой бытовой химии действует объемно-сортовой учет в УПД",S036,"Официальные правила маркировки","HIGH",FALSE,TRUE,""
C044,"Исследование","PREP-T009 использован только как provenance и market recall",S037,"Предыдущая публикация","HIGH",FALSE,TRUE,"Баллы пересчитаны заново"
